Source IP,count
10.32.5.56,4100
10.32.5.54,4074
10.32.5.53,2584
10.32.5.55,2572
10.32.5.57,1174
10.32.5.51,1151
10.32.5.52,1134
172.23.5.110,812
172.23.1.110,666
172.23.0.237,400
172.23.0.111,399
172.23.0.112,396
172.23.0.212,395
172.23.1.105,391
172.23.0.238,390
172.23.0.203,368
172.23.1.101,368
172.23.0.221,366
172.23.0.248,366
172.23.0.251,366
172.23.5.117,366
172.23.5.124,366
172.23.0.211,366
172.23.0.232,366
172.23.0.241,366
172.23.1.103,366
172.23.0.223,364
172.23.0.240,364
172.23.0.244,364
172.23.0.249,364
172.23.0.255,364
172.23.1.100,364
172.23.1.106,364
172.23.1.113,364
172.23.1.125,364
172.23.1.128,364
172.23.5.120,364
172.23.0.222,364
172.23.0.226,364
172.23.0.230,364
172.23.0.233,364
172.23.0.242,364
172.23.0.253,364
172.23.1.114,364
172.23.1.119,364
172.23.1.126,364
172.23.1.130,364
172.23.5.114,364
172.23.0.200,362
172.23.0.205,362
172.23.0.208,362
172.23.0.209,362
172.23.0.210,362
172.23.0.217,362
172.23.0.225,362
172.23.0.239,362
172.23.0.246,362
172.23.0.254,362
172.23.1.120,362
172.23.5.115,362
172.23.0.207,362
172.23.0.214,362
172.23.0.235,362
172.23.0.247,362
172.23.0.252,362
172.23.1.104,362
172.23.1.115,362
172.23.5.121,362
172.23.0.186,360
172.23.0.215,360
172.23.0.219,360
172.23.0.227,360
172.23.0.229,360
172.23.0.234,360
172.23.0.236,360
172.23.0.243,360
172.23.0.250,360
172.23.1.108,360
172.23.0.201,360
172.23.0.204,360
172.23.0.206,360
172.23.0.216,360
172.23.0.218,360
172.23.0.220,360
172.23.0.228,360
172.23.0.231,360
172.23.0.245,360
172.23.1.109,360
172.23.1.127,360
172.23.2.101,360
172.23.2.100,358
172.23.0.202,358
172.23.5.113,358
172.23.1.107,356
172.23.1.112,356
